{
  "best_global_step": 16296,
  "best_metric": 0.3891505102711473,
  "best_model_checkpoint": "/kaggle/working/checkpoint/patchtst_cls/all_11_sectors/global/output/checkpoint-16296",
  "epoch": 2.0,
  "eval_steps": 500,
  "global_step": 16296,
  "is_hyper_param_search": false,
  "is_local_process_zero": true,
  "is_world_process_zero": true,
  "log_history": [
    {
      "epoch": 1.0,
      "grad_norm": 4.416095733642578,
      "learning_rate": 9.931839914054722e-05,
      "loss": 2.1340522597569955,
      "step": 8148
    },
    {
      "epoch": 1.0,
      "eval_accuracy": 0.4096835081866468,
      "eval_day_1_accuracy": 0.4322754342068683,
      "eval_day_2_accuracy": 0.3751957040223578,
      "eval_day_3_accuracy": 0.3953879695067527,
      "eval_day_4_accuracy": 0.4146291500226797,
      "eval_day_5_accuracy": 0.4309292831745753,
      "eval_down_f1": 0.27486313002240925,
      "eval_flat_f1": 0.3820555610091293,
      "eval_loss": 2.166700601577759,
      "eval_macro_f1": 0.3852289957441713,
      "eval_runtime": 23.761,
      "eval_samples_per_second": 5752.542,
      "eval_steps_per_second": 44.948,
      "eval_up_f1": 0.4987682962009754,
      "step": 8148
    },
    {
      "epoch": 2.0,
      "grad_norm": 5.441268444061279,
      "learning_rate": 9.397465336191908e-05,
      "loss": 2.0999226708241285,
      "step": 16296
    },
    {
      "epoch": 2.0,
      "eval_accuracy": 0.40135346707051195,
      "eval_day_1_accuracy": 0.4291880660784572,
      "eval_day_2_accuracy": 0.3728326236776261,
      "eval_day_3_accuracy": 0.3833604026747436,
      "eval_day_4_accuracy": 0.40225772939437837,
      "eval_day_5_accuracy": 0.41912851352735464,
      "eval_down_f1": 0.32243926398911854,
      "eval_flat_f1": 0.3753553176806078,
      "eval_loss": 2.1766865253448486,
      "eval_macro_f1": 0.3891505102711473,
      "eval_runtime": 23.9443,
      "eval_samples_per_second": 5708.501,
      "eval_steps_per_second": 44.604,
      "eval_up_f1": 0.46965694914371553,
      "step": 16296
    }
  ],
  "logging_steps": 500,
  "max_steps": 81480,
  "num_input_tokens_seen": 0,
  "num_train_epochs": 10,
  "save_steps": 500,
  "stateful_callbacks": {
    "EarlyStoppingCallback": {
      "args": {
        "early_stopping_patience": 2,
        "early_stopping_threshold": 0.0
      },
      "attributes": {
        "early_stopping_patience_counter": 0
      }
    },
    "TrainerControl": {
      "args": {
        "should_epoch_stop": false,
        "should_evaluate": false,
        "should_log": false,
        "should_save": true,
        "should_training_stop": false
      },
      "attributes": {}
    }
  },
  "total_flos": 0.0,
  "train_batch_size": 128,
  "trial_name": null,
  "trial_params": null
}
